EventCode,status_code,signature,CategoryString,action,result,change_type,object_category
1100,-,The event logging service has shut down,,stopped,,audit,audit
1101,-,Audit events have been dropped by the transport.,,,,,
1102,-,The audit log was cleared,,cleared,,audit,audit
1104,-,The security Log is now full,,stopped,,audit,audit
1105,-,Event log automatic backup,,,,,
1108,-,The event logging service encountered an error,,,,audit,audit
4500,-,Metabase Add Key,,,,,
4501,-,Metabase Delete Key,,,,,
4502,-,Metabase Delete Chid Keys,,,,,
4503,-,Metabase Copy Key,,,,,
4504,-,Metabase Rename Key,,,,,
4505,-,Metabase Set Data,,,,,
4506,-,Metabase Delete Data,,,,,
4507,-,Metabase Delete All Data,,,,,
4508,-,Metabase Copy Data,,,,,
4509,-,Metabase Set Last Change Time,,,,,
4510,-,Metabase Restore,,,,,
4511,-,Metabase Delete Backup,,,,,
4512,-,Metabase Import,,,,,
4608,-,Windows is starting up,Security State Change,,,,
4609,-,Windows is shutting down,Security State Change,,,,
4610,-,An authentication package has been loaded by the Local Security Authority,Security System Extension,,,,
4611,-,A trusted logon process has been registered with the Local Security Authority,Security System Extension,,,,
4612,-,"Internal resources allocated for the queuing of audit messages have been exhausted, leading to the loss of some audits.",Security System Extension,,,,
4614,-,A notification package has been loaded by the Security Account Manager.,Security System Extension,,,,
4615,-,Invalid use of LPC port,System Event,,,,
4616,-,The system time was changed.,Security State Change,updated,,,
4618,-,A monitored security event pattern has occurred,,,,,
4621,-,Administrator recovered system from CrashOnAuditFail,,,,,
4622,-,A security package has been loaded by the Local Security Authority.,Security System Extension,,,,
4624,-,An account was successfully logged on,Logon/Logoff Event,success,,,
4625,0xc0000022,Logon Failure: A process has requested access to an object but has not been granted those access rights.,Logon/Logoff Event,failure,,,
4625,0xc000005E,Logon Failure: No logon servers are currently available to service the logon request.,Logon/Logoff Event,failure,,,
4625,0xc000005F,Logon Failure: The specified logon session does not exist. It may already have been terminated.,Logon/Logoff Event,failure,,,
4625,0xc0000064,Logon Failure: The specified account does not exist.,Logon/Logoff Event,failure,,,
4625,0xc000006A,Logon Failure: User name is correct but the password is wrong,Logon/Logoff Event,failure,,,
4625,0xc000006D,Logon Failure: The attempted logon is invalid. This is either due to a bad username or authentication information.,Logon/Logoff Event,failure,,,
4625,0xc000006F,Logon Failure: User tried to logon outside his day of week or time of day restrictions,Logon/Logoff Event,failure,,,
4625,0xc0000070,Logon Failure: Workstation restriction,Logon/Logoff Event,failure,,,
4625,0xc0000071,Logon Failure: The user account password has expired.,Logon/Logoff Event,failure,,,
4625,0xc0000072,Logon Failure: The referenced account is currently disabled and may not be logged on to.,Logon/Logoff Event,failure,,,
4625,0xc0000073,Logon Failure: None of the information to be translated has been translated.,Logon/Logoff Event,failure,,,
4625,0xc000007A,Logon Failure: Indicates the specified procedure address cannot be found in the DLL.,Logon/Logoff Event,failure,,,
4625,0xc00000BB,Logon Failure: The request is not supported.,Logon/Logoff Event,failure,,,
4625,0xc00000DC,Logon Failure: Indicates the Sam Server was in the wrong state to perform the desired operation,Logon/Logoff Event,failure,,,
4625,0xc00000FE,Logon Failure: A specified authentication package is unknown.,Logon/Logoff Event,failure,,,
4625,0xc0000133,Logon Failure: Clocks between DC and other computer too far out of sync,Logon/Logoff Event,failure,,,
4625,0xc000015B,"Logon Failure: A user has requested a type of logon (for example, interactive or network) that has not been granted. An administrator has control over who may logon interactively and through the network.",Logon/Logoff Event,failure,,,
4625,0xc000018B,Logon Failure: The SAM database on the Windows Server does not have a computer account for this workstation trust relationship.,Logon/Logoff Event,failure,,,
4625,0xc000018C,Logon Failure: The logon request failed because the trust relationship between the primary domain and the trusted domain failed.,Logon/Logoff Event,failure,,,
4625,0xc000018D,Logon Failure: The logon request failed because the trust relationship between this workstation and the primary domain failed.,Logon/Logoff Event,failure,,,
4625,0xc0000192,"Logon Failure: An attempt was made to logon, but the Netlogon service was not started.",Logon/Logoff Event,failure,,,
4625,0xc0000193,Logon Failure: The user account has expired.,Logon/Logoff Event,failure,,,
4625,0xc0000224,Logon Failure: The user password must be changed before logging on the first time.,Logon/Logoff Event,failure,,,
4625,0xc0000225,Logon Failure: Evidently a bug in Windows and not a risk,Logon/Logoff Event,failure,,,
4625,0xc0000234,Logon Failure: User is currently locked out,Logon/Logoff Event,failure,,,
4625,0xc00002A6,Logon Failure: The directory service is unavailable.,Logon/Logoff Event,failure,,,
4625,0xc00002EE,Logon Failure: A security context was deleted before the context was completed. This is considered a logon failure.,Logon/Logoff Event,failure,,,
4625,0xc0000413,Logon Failure: The machine you are logging onto is protected by an authentication firewall. The specified account is not allowed to authenticate to the machine.,Logon/Logoff Event,failure,,,
4625,0x80090302,"Logon Failure: Probably related to NTLM beeing disabled, but is beeing used to logon",Logon/Logoff Event,failure,,,
4625,0x8009030E,Logon Failure: Probably related to Kerberos encryption types mismatching,Logon/Logoff Event,failure,,,
4627,-,Group membership information,Security Group Management,read,,,
4634,-,An account was logged off,Logon/Logoff Event,,,,
4646,-,1%,,,,,
4647,-,User initiated logoff,Logon/Logoff Event,,,,
4648,-,A logon was attempted using explicit credentials,Logon/Logoff Event,,,,
4649,-,A replay attack was detected,,,,,
4650,-,An IPsec Main Mode security association was established,,,,,
4651,-,An IPsec Main Mode security association was established,,,,,
4652,-,An IPsec Main Mode negotiation failed,,,,,
4653,-,An IPsec Main Mode negotiation failed,,,,,
4654,-,An IPsec Quick Mode negotiation failed,,,,,
4655,-,An IPsec Main Mode security association ended,,,,,
4656,-,A handle to an object was requested,Object Access Event,,,,
4657,-,A registry value was modified,Registry Event,,,,
4658,-,The handle to an object was closed,Object Access Event,,,,
4659,-,A handle to an object was requested with intent to delete,Object Access Event,,,,
4660,-,An object was deleted,Object Access Event,,,,
4661,-,A handle to an object was requested,Object Access Event,,,,
4662,-,An operation was performed on an object,Directory Service Access,,,,
4663,0x1,An attempt was made to access an object,Object Access Event,read,,filesystem,
4663,0x2,An attempt was made to access an object,Object Access Event,created,,filesystem,
4663,0x4,An attempt was made to access an object,Object Access Event,modified,,filesystem,
4663,0x8,An attempt was made to access an object,Object Access Event,read,,filesystem,
4663,0x10,An attempt was made to access an object,Object Access Event,created,,filesystem,
4663,0x20,An attempt was made to access an object,Object Access Event,,,filesystem,
4663,0x40,An attempt was made to access an object,Object Access Event,deleted,,filesystem,
4663,0x80,An attempt was made to access an object,Object Access Event,read,,filesystem,
4663,0x100,An attempt was made to access an object,Object Access Event,acl_modified,,filesystem,
4663,0x10000,An attempt was made to access an object,Object Access Event,deleted,,filesystem,
4663,0x20000,An attempt was made to access an object,Object Access Event,read,,filesystem,
4663,0x40000,An attempt was made to access an object,Object Access Event,acl_modified,,filesystem,
4663,0x80000,An attempt was made to access an object,Object Access Event,acl_modified,,filesystem,
4663,0x100000,An attempt was made to access an object,Object Access Event,read,,filesystem,
4663,0x1000000,An attempt was made to access an object,Object Access Event,acl_modified,,filesystem,
4664,-,An attempt was made to create a hard link,Object Access Event,,,filesystem,
4665,-,An attempt was made to create an application client context.,Application Event,,,,
4666,-,An application attempted an operation,Application Event,,,,
4667,-,An application client context was deleted,Application Event,,,,
4668,-,An application was initialized,Application Event,,,,
4670,-,Permissions on an object were changed,,,,,
4671,-,An application attempted to access a blocked ordinal through the TBS,,,,,
4672,-,Special privileges assigned to new logon,Logon/Logoff Event,,,,
4673,-,A privileged service was called,Privilege Use Event,allowed,,,
4674,-,An operation was attempted on a privileged object,Privilege Use Event,allowed,,,
4675,-,SIDs were filtered,,,,,
4685,-,The state of a transaction has changed,File System Event,,,,
4688,-,A new process has been created,Detailed Tracking Event,,,,
4689,-,A process has exited,Detailed Tracking Event,,,,
4690,-,An attempt was made to duplicate a handle to an object,,,,,
4691,-,Indirect access to an object was requested,Object Access Event,,,,
4692,-,Backup of data protection master key was attempted,Data Protection Event,,,,
4693,-,Recovery of data protection master key was attempted,Data Protection Event,,,,
4694,-,Protection of auditable protected data was attempted,Data Protection Event,,,,
4695,-,Unprotection of auditable protected data was attempted,Data Protection Event,,,,
4696,-,A primary token was assigned to process,Detailed Tracking Event,,,,
4697,0x1,Service installation: Driver service,Security System Extension,,,,
4697,0x2,Service installation: File system driver service,Security System Extension,,,,
4697,0x4,Service installation: SERVICE_ADAPTER,Security System Extension,,,,
4697,0x8,Service installation: SERVICE_RECOGNIZER_DRIVER,Security System Extension,,,,
4697,0x10,Service installation: Service that runs in its own process,Security System Extension,,,,
4697,0x20,Service installation: Service that shares a process with one or more other services,Security System Extension,,,,
4697,0x110,Service installation: Service that runs in its own process, allowed to interact with desktop,Security System Extension,,,
4697,0x120,Service installation: Service that shares a process with one or more other services, allowed to interact with desktop,Security System Extension,,,
4698,-,A scheduled task was created,Object Access Event,created,,,
4699,-,A scheduled task was deleted,Object Access Event,deleted,,,
4700,-,A scheduled task was enabled,Object Access Event,enable,,,
4701,-,A scheduled task was disabled,Object Access Event,disable,,,
4702,-,A scheduled task was updated,Object Access Event,update,,,
4704,-,A user right was assigned,Authorization Policy Change,added,,Authorization,user
4705,-,A user right was removed,Authorization Policy Change,deleted,,Authorization,user
4706,-,A new trust was created to a domain,Authentication Policy Change,,,Authentication,policy
4707,-,A trust to a domain was removed,Authentication Policy Change,,,Authentication,policy
4709,-,IPsec Services was started,,,,,
4710,-,IPsec Services was disabled,,,,,
4711,-,PAStore Engine (1%),,,,,
4712,-,IPsec Services encountered a potentially serious failure,,,,,
4713,-,Kerberos policy was changed,Authentication Policy Change,,,Authentication,policy
4714,-,Encrypted data recovery policy was changed,Authorization Policy Change,,,Authorization,
4715,-,The audit policy (SACL) on an object was changed,Audit Policy Change,,,,
4716,-,Trusted domain information was modified,Authentication Policy Change,,,Authentication,policy
4717,-,System security access was granted to an account,Authentication Policy Change,,,Authentication,policy
4718,-,System security access was removed from an account,Authentication Policy Change,,,Authentication,policy
4719,-,System audit policy was changed,Audit Policy Change,,,Audit,policy
4720,-,A user account was created,User Account Management,created,,Authentication,user
4722,-,A user account was enabled,User Account Management,modified,,Authorization,user
4723,-,An attempt was made to change an account's password,User Account Management,updated,,Authentication,user
4724,-,An attempt was made to reset an accounts password,User Account Management,updated,,Authentication,user
4725,-,A user account was disabled,User Account Management,modified,,Authorization,user
4726,-,A user account was deleted,User Account Management,deleted,,Authentication,user
4727,-,A security-enabled global group was created,Security Group Management,created,A security-enabled global group was created,Authorization,group:sec
4728,-,A member was added to a security-enabled global group,Security Group Management,updated,A member was added to a security-enabled global group,Authorization,group:sec
4729,-,A member was removed from a security-enabled global group,Security Group Management,modified,A member was removed from a security-enabled global group,Authorization,group:sec
4730,-,A security-enabled global group was deleted,Security Group Management,deleted,A security-enabled global group was deleted,Authorization,group:sec
4731,-,A security-enabled local group was created,Security Group Management,created,A security-enabled local group was created,Authorization,group:sec
4732,-,A member was added to a security-enabled local group,Security Group Management,updated,A member was added to a security-enabled local group,Authorization,group:sec
4733,-,A member was removed from a security-enabled local group,Security Group Management,modified,A member was removed from a security-enabled local group,Authorization,group:sec
4734,-,A security-enabled local group was deleted,Security Group Management,deleted,A security-enabled local group was deleted,Authorization,group:sec
4735,-,A security-enabled local group was changed,Security Group Management,modified,A security-enabled local group was changed,Authorization,group:sec
4737,-,A security-enabled global group was changed,Security Group Management,modified,A security-enabled global group was changed,Authorization,group:sec
4738,-,A user account was changed,User Account Management,modified,,Authentication,user
4739,-,Domain Policy was changed,Other Account Management,modified,,domain,policy
4740,-,A user account was locked out,User Account Management,modified,lockout,Authentication,user
4741,-,A computer account was created,Computer Account Management,created,,Authentication,computer
4742,-,A computer account was changed,Computer Account Management,modified,,Authentication,computer
4743,-,A computer account was deleted,Computer Account Management,deleted,,Authentication,computer
4744,-,A security-disabled local group was created,Distribution Group Management,created,A security-disabled local group was created,Authorization,group:dis
4745,-,A security-disabled local group was changed,Distribution Group Management,modified,A security-disabled local group was changed,Authorization,group:dis
4746,-,A member was added to a security-disabled local group,Distribution Group Management,updated,A member was added to a security-disabled local group,Authorization,group:dis
4747,-,A member was removed from a security-disabled local group,Distribution Group Management,modified,A member was removed from a security-disabled local group,Authorization,group:dis
4748,-,A security-disabled local group was deleted,Distribution Group Management,deleted,A security-disabled local group was deleted,Authorization,group:dis
4749,-,A security-disabled global group was created,Distribution Group Management,created,A security-disabled global group was created,Authorization,group:dis
4750,-,A security-disabled global group was changed,Distribution Group Management,modified,A security-disabled global group was changed,Authorization,group:dis
4751,-,A member was added to a security-disabled global group,Distribution Group Management,updated,A member was added to a security-disabled global group,Authorization,group:dis
4752,-,A member was removed from a security-disabled global group,Distribution Group Management,modified,A member was removed from a security-disabled global group,Authorization,group:dis
4753,-,A security-disabled global group was deleted,Distribution Group Management,deleted,A security-disabled global group was deleted,Authorization,group:dis
4754,-,A security-enabled universal group was created,Security Group Management,created,A security-enabled universal group was created,Authorization,group:sec
4755,-,A security-enabled universal group was changed,Security Group Management,modified,A security-enabled universal group was changed,Authorization,group:sec
4756,-,A member was added to a security-enabled universal group,Security Group Management,updated,A member was added to a security-enabled universal group,Authorization,group:sec
4757,-,A member was removed from a security-enabled universal group,Security Group Management,modified,A member was removed from a security-enabled universal group,Authorization,group:sec
4758,-,A security-enabled universal group was deleted,Security Group Management,deleted,A security-enabled universal group was deleted,Authorization,group:sec
4759,-,A security-disabled universal group was created,Distribution Group Management,created,A security-disabled universal group was created,Authorization,group:dis
4760,-,A security-disabled universal group was changed,Distribution Group Management,modified,A security-disabled universal group was changed,Authorization,group:dis
4761,-,A member was added to a security-disabled universal group,Distribution Group Management,updated,A member was added to a security-disabled universal group,Authorization,group:dis
4762,-,A member was removed from a security-disabled universal group,Distribution Group Management,modified,A member was removed from a security-disabled universal group,Authorization,group:dis
4763,-,A security-disabled universal group was deleted,Distribution Group Management,deleted,A security-disabled universal group was deleted,Authorization,group:dis
4764,-,A groups type was changed,Security Group Management,modified,,Authorization,group:sec
4765,-,SID History was added to an account,,modified,,,
4766,-,An attempt to add SID History to an account failed,,failure,,,
4767,-,A user account was unlocked,User Account Management,modified,,Authentication,user
4768,0x0,A Kerberos authentication ticket (TGT) was requested,Kerberos Authentication Service,success,,Authentication,
4768,0x1,Kerberos TGT failure: Client's entry in database has expired,Kerberos Authentication Service,failed,,Authentication,
4768,0x2,Kerberos TGT failure: Server's entry in database has expired,Kerberos Authentication Service,failed,,Authentication,
4768,0x3,Kerberos TGT failure: Requested protocol version # not supported,Kerberos Authentication Service,failed,,Authentication,
4768,0x4,Kerberos TGT failure: Client's key encrypted in old master key,Kerberos Authentication Service,failed,,Authentication,
4768,0x5,Kerberos TGT failure: Server's key encrypted in old master key,Kerberos Authentication Service,failed,,Authentication,
4768,0x6,"Kerberos TGT failure: Client not found in Kerberos database. Bad user name, or new computer/user account has not replicated to DC yet",Kerberos Authentication Service,failed,,Authentication,
4768,0x7,Kerberos TGT failure: Server not found in Kerberos database. New computer account has not replicated yet or computer is pre-w2k,Kerberos Authentication Service,failed,,Authentication,
4768,0x8,Kerberos TGT failure: Multiple principal entries in database,Kerberos Authentication Service,failed,,Authentication,
4768,0x9,Kerberos TGT failure: The client or server has a null key. Administrator should reset the password on the account,Kerberos Authentication Service,failed,,Authentication,
4768,0xA,Kerberos TGT failure: Ticket not eligible for postdating,Kerberos Authentication Service,failed,,Authentication,
4768,0xB,Kerberos TGT failure: Requested start time is later than end time,Kerberos Authentication Service,failed,,Authentication,
4768,0xC,Kerberos TGT failure: KDC policy rejects request. Workstation restriction,Kerberos Authentication Service,failed,,Authentication,
4768,0xD,Kerberos TGT failure: KDC cannot accommodate requested option,Kerberos Authentication Service,failed,,Authentication,
4768,0xE,Kerberos TGT failure: KDC has no support for encryption type,Kerberos Authentication Service,failed,,Authentication,
4768,0xF,Kerberos TGT failure: KDC has no support for checksum type,Kerberos Authentication Service,failed,,Authentication,
4768,0x10,Kerberos TGT failure: KDC has no support for padata type,Kerberos Authentication Service,failed,,Authentication,
4768,0x11,Kerberos TGT failure: KDC has no support for transited type,Kerberos Authentication Service,failed,,Authentication,
4768,0x12,"Kerberos TGT failure: Clients credentials have been revoked. Account disabled, expired, locked out, logon hours.",Kerberos Authentication Service,failed,,Authentication,
4768,0x13,Kerberos TGT failure: Credentials for server have been revoked,Kerberos Authentication Service,failed,,Authentication,
4768,0x14,Kerberos TGT failure: TGT has been revoked,Kerberos Authentication Service,failed,,Authentication,
4768,0x15,Kerberos TGT failure: Client not yet valid - try again later,Kerberos Authentication Service,failed,,Authentication,
4768,0x16,Kerberos TGT failure: Server not yet valid - try again later,Kerberos Authentication Service,failed,,Authentication,
4768,0x17,Kerberos TGT failure: Password has expired. The user password has expired.,Kerberos Authentication Service,failed,,Authentication,
4768,0x18,Kerberos TGT failure: TGTentication information was invalid. Usually means bad password,Kerberos Authentication Service,failed,,Authentication,
4768,0x19,Kerberos TGT failure: Additional TGTentication required,Kerberos Authentication Service,failed,,Authentication,
4768,0x1F,Kerberos TGT failure: Integrity check on decrypted field failed,Kerberos Authentication Service,failed,,Authentication,
4768,0x20,Kerberos TGT failure: Ticket expired. Frequently logged by computer accounts,Kerberos Authentication Service,failed,,Authentication,
4768,0x21,Kerberos TGT failure: Ticket not yet valid,Kerberos Authentication Service,failed,,Authentication,
4768,0x21,Kerberos TGT failure: Ticket not yet valid,Kerberos Authentication Service,failed,,Authentication,
4768,0x22,Kerberos TGT failure: Request is a replay,Kerberos Authentication Service,failed,,Authentication,
4768,0x23,Kerberos TGT failure: The ticket isn't for us,Kerberos Authentication Service,failed,,Authentication,
4768,0x24,Kerberos TGT failure: Ticket and authenticator don't match,Kerberos Authentication Service,failed,,Authentication,
4768,0x25,Kerberos TGT failure: Clock skew too great. Workstation’s clock too far out of sync with the DC’s,Kerberos Authentication Service,failed,,Authentication,
4768,0x26,Kerberos TGT failure: Incorrect net address. IP address change?,Kerberos Authentication Service,failed,,Authentication,
4768,0x27,Kerberos TGT failure: Protocol version mismatch,Kerberos Authentication Service,failed,,Authentication,
4768,0x28,Kerberos TGT failure: Invalid msg type,Kerberos Authentication Service,failed,,Authentication,
4768,0x29,Kerberos TGT failure: Message stream modified,Kerberos Authentication Service,failed,,Authentication,
4768,0x2A,Kerberos TGT failure: Message out of order,Kerberos Authentication Service,failed,,Authentication,
4768,0x2C,Kerberos TGT failure: Specified version of key is not available,Kerberos Authentication Service,failed,,Authentication,
4768,0x2D,Kerberos TGT failure: Service key not available,Kerberos Authentication Service,failed,,Authentication,
4768,0x2E,Kerberos TGT failure: Mutual authentication failed. May be a memory allocation failure,Kerberos Authentication Service,failed,,Authentication,
4768,0x2F,Kerberos TGT failure: Incorrect message direction,Kerberos Authentication Service,failed,,Authentication,
4768,0x30,Kerberos TGT failure: Alternative authentication method required,Kerberos Authentication Service,failed,,Authentication,
4768,0x31,Kerberos TGT failure: Incorrect sequence number in message,Kerberos Authentication Service,failed,,Authentication,
4768,0x32,Kerberos TGT failure: Inappropriate type of checksum in message,Kerberos Authentication Service,failed,,Authentication,
4768,0x3C,Kerberos TGT failure: Generic error (description in e-text),Kerberos Authentication Service,failed,,Authentication,
4768,0x3D,Kerberos TGT failure: Field is too long for this implementation,Kerberos Authentication Service,failed,,Authentication,
4769,0x0,A Kerberos service ticket was requested,Kerberos Service Ticket Operations,success,,Authorization,
4769,0x1,Kerberos ST failure: Client's entry in database has expired,Kerberos Authentication Service,failed,,Authentication,
4769,0x2,Kerberos ST failure: Server's entry in database has expired,Kerberos Authentication Service,failed,,Authentication,
4769,0x3,Kerberos ST failure: Requested protocol version # not supported,Kerberos Authentication Service,failed,,Authentication,
4769,0x4,Kerberos ST failure: Client's key encrypted in old master key,Kerberos Authentication Service,failed,,Authentication,
4769,0x5,Kerberos ST failure: Server's key encrypted in old master key,Kerberos Authentication Service,failed,,Authentication,
4769,0x6,"Kerberos ST failure: Client not found in Kerberos database. Bad user name, or new computer/user account has not replicated to DC yet",Kerberos Authentication Service,failed,,Authentication,
4769,0x7,Kerberos ST failure: Server not found in Kerberos database. New computer account has not replicated yet or computer is pre-w2k,Kerberos Authentication Service,failed,,Authentication,
4769,0x8,Kerberos ST failure: Multiple principal entries in database,Kerberos Authentication Service,failed,,Authentication,
4769,0x9,Kerberos ST failure: The client or server has a null key. Administrator should reset the password on the account,Kerberos Authentication Service,failed,,Authentication,
4769,0xA,Kerberos ST failure: Ticket not eligible for postdating,Kerberos Authentication Service,failed,,Authentication,
4769,0xB,Kerberos ST failure: Requested start time is later than end time,Kerberos Authentication Service,failed,,Authentication,
4769,0xC,Kerberos ST failure: KDC policy rejects request. Workstation restriction,Kerberos Authentication Service,failed,,Authentication,
4769,0xD,Kerberos ST failure: KDC cannot accommodate requested option,Kerberos Authentication Service,failed,,Authentication,
4769,0xE,Kerberos ST failure: KDC has no support for encryption type,Kerberos Authentication Service,failed,,Authentication,
4769,0xF,Kerberos ST failure: KDC has no support for checksum type,Kerberos Authentication Service,failed,,Authentication,
4769,0x10,Kerberos ST failure: KDC has no support for padata type,Kerberos Authentication Service,failed,,Authentication,
4769,0x11,Kerberos ST failure: KDC has no support for transited type,Kerberos Authentication Service,failed,,Authentication,
4769,0x12,"Kerberos ST failure: Clients credentials have been revoked. Account disabled, expired, locked out, logon hours.",Kerberos Authentication Service,failed,,Authentication,
4769,0x13,Kerberos ST failure: Credentials for server have been revoked,Kerberos Authentication Service,failed,,Authentication,
4769,0x14,Kerberos ST failure: TGT has been revoked,Kerberos Authentication Service,failed,,Authentication,
4769,0x15,Kerberos ST failure: Client not yet valid - try again later,Kerberos Authentication Service,failed,,Authentication,
4769,0x16,Kerberos ST failure: Server not yet valid - try again later,Kerberos Authentication Service,failed,,Authentication,
4769,0x17,Kerberos ST failure: Password has expired. The user password has expired.,Kerberos Authentication Service,failed,,Authentication,
4769,0x18,Kerberos ST failure: Pre-authentication information was invalid. Usually means bad password,Kerberos Authentication Service,failed,,Authentication,
4769,0x19,Kerberos ST failure: Additional Pre-authentication required,Kerberos Authentication Service,failed,,Authentication,
4769,0x1F,Kerberos ST failure: Integrity check on decrypted field failed,Kerberos Authentication Service,failed,,Authentication,
4769,0x20,Kerberos ST failure: Ticket expired. Frequently logged by computer accounts,Kerberos Authentication Service,failed,,Authentication,
4769,0x21,Kerberos ST failure: Ticket not yet valid,Kerberos Authentication Service,failed,,Authentication,
4769,0x21,Kerberos ST failure: Ticket not yet valid,Kerberos Authentication Service,failed,,Authentication,
4769,0x22,Kerberos ST failure: Request is a replay,Kerberos Authentication Service,failed,,Authentication,
4769,0x23,Kerberos ST failure: The ticket isn't for us,Kerberos Authentication Service,failed,,Authentication,
4769,0x24,Kerberos ST failure: Ticket and authenticator don't match,Kerberos Authentication Service,failed,,Authentication,
4769,0x25,Kerberos ST failure: Clock skew too great. Workstation’s clock too far out of sync with the DC’s,Kerberos Authentication Service,failed,,Authentication,
4769,0x26,Kerberos ST failure: Incorrect net address. IP address change?,Kerberos Authentication Service,failed,,Authentication,
4769,0x27,Kerberos ST failure: Protocol version mismatch,Kerberos Authentication Service,failed,,Authentication,
4769,0x28,Kerberos ST failure: Invalid msg type,Kerberos Authentication Service,failed,,Authentication,
4769,0x29,Kerberos ST failure: Message stream modified,Kerberos Authentication Service,failed,,Authentication,
4769,0x2A,Kerberos ST failure: Message out of order,Kerberos Authentication Service,failed,,Authentication,
4769,0x2C,Kerberos ST failure: Specified version of key is not available,Kerberos Authentication Service,failed,,Authentication,
4769,0x2D,Kerberos ST failure: Service key not available,Kerberos Authentication Service,failed,,Authentication,
4769,0x2E,Kerberos ST failure: Mutual authentication failed. May be a memory allocation failure,Kerberos Authentication Service,failed,,Authentication,
4769,0x2F,Kerberos ST failure: Incorrect message direction,Kerberos Authentication Service,failed,,Authentication,
4769,0x30,Kerberos ST failure: Alternative authentication method required,Kerberos Authentication Service,failed,,Authentication,
4769,0x31,Kerberos ST failure: Incorrect sequence number in message,Kerberos Authentication Service,failed,,Authentication,
4769,0x32,Kerberos ST failure: Inappropriate type of checksum in message,Kerberos Authentication Service,failed,,Authentication,
4769,0x3C,Kerberos ST failure: Generic error (description in e-text),Kerberos Authentication Service,failed,,Authentication,
4769,0x3D,Kerberos ST failure: Field is too long for this implementation,Kerberos Authentication Service,failed,,Authentication,
4770,-,A Kerberos service ticket was renewed,Kerberos Service Ticket Operations,success,,Authorization,
4771,0x1,Kerberos pre-auth failure: Client's entry in database has expired,Kerberos Authentication Service,failure,,Authentication,
4771,0x2,Kerberos pre-auth failure: Server's entry in database has expired,Kerberos Authentication Service,failure,,Authentication,
4771,0x3,Kerberos pre-auth failure: Requested protocol version # not supported,Kerberos Authentication Service,failure,,Authentication,
4771,0x4,Kerberos pre-auth failure: Client's key encrypted in old master key,Kerberos Authentication Service,failure,,Authentication,
4771,0x5,Kerberos pre-auth failure: Server's key encrypted in old master key,Kerberos Authentication Service,failure,,Authentication,
4771,0x6,"Kerberos pre-auth failure: Client not found in Kerberos database. Bad user name, or new computer/user account has not replicated to DC yet",Kerberos Authentication Service,failure,,Authentication,
4771,0x7,Kerberos pre-auth failure: Server not found in Kerberos database. New computer account has not replicated yet or computer is pre-w2k,Kerberos Authentication Service,failure,,Authentication,
4771,0x8,Kerberos pre-auth failure: Multiple principal entries in database,Kerberos Authentication Service,failure,,Authentication,
4771,0x9,Kerberos pre-auth failure: The client or server has a null key. Administrator should reset the password on the account,Kerberos Authentication Service,failure,,Authentication,
4771,0xA,Kerberos pre-auth failure: Ticket not eligible for postdating,Kerberos Authentication Service,failure,,Authentication,
4771,0xB,Kerberos pre-auth failure: Requested start time is later than end time,Kerberos Authentication Service,failure,,Authentication,
4771,0xC,Kerberos pre-auth failure: KDC policy rejects request. Workstation restriction,Kerberos Authentication Service,failure,,Authentication,
4771,0xD,Kerberos pre-auth failure: KDC cannot accommodate requested option,Kerberos Authentication Service,failure,,Authentication,
4771,0xE,Kerberos pre-auth failure: KDC has no support for encryption type,Kerberos Authentication Service,failure,,Authentication,
4771,0xF,Kerberos pre-auth failure: KDC has no support for checksum type,Kerberos Authentication Service,failure,,Authentication,
4771,0x10,Kerberos pre-auth failure: KDC has no support for padata type,Kerberos Authentication Service,failure,,Authentication,
4771,0x11,Kerberos pre-auth failure: KDC has no support for transited type,Kerberos Authentication Service,failure,,Authentication,
4771,0x12,"Kerberos pre-auth failure: Clients credentials have been revoked. Account disabled, expired, locked out, logon hours.",Kerberos Authentication Service,failure,,Authentication,
4771,0x13,Kerberos pre-auth failure: Credentials for server have been revoked,Kerberos Authentication Service,failure,,Authentication,
4771,0x14,Kerberos pre-auth failure: TGT has been revoked,Kerberos Authentication Service,failure,,Authentication,
4771,0x15,Kerberos pre-auth failure: Client not yet valid - try again later,Kerberos Authentication Service,failure,,Authentication,
4771,0x16,Kerberos pre-auth failure: Server not yet valid - try again later,Kerberos Authentication Service,failure,,Authentication,
4771,0x17,Kerberos pre-auth failure: Password has expired. The user password has expired.,Kerberos Authentication Service,failure,,Authentication,
4771,0x18,Kerberos pre-auth failure: Pre-authentication information was invalid. Usually means bad password,Kerberos Authentication Service,failure,,Authentication,
4771,0x19,Kerberos pre-auth failure: Additional pre-authentication required,Kerberos Authentication Service,failure,,Authentication,
4771,0x1F,Kerberos pre-auth failure: Integrity check on decrypted field failed,Kerberos Authentication Service,failure,,Authentication,
4771,0x20,Kerberos pre-auth failure: Ticket expired. Frequently logged by computer accounts,Kerberos Authentication Service,failure,,Authentication,
4771,0x21,Kerberos pre-auth failure: Ticket not yet valid,Kerberos Authentication Service,failure,,Authentication,
4771,0x21,Kerberos pre-auth failure: Ticket not yet valid,Kerberos Authentication Service,failure,,Authentication,
4771,0x22,Kerberos pre-auth failure: Request is a replay,Kerberos Authentication Service,failure,,Authentication,
4771,0x23,Kerberos pre-auth failure: The ticket isn't for us,Kerberos Authentication Service,failure,,Authentication,
4771,0x24,Kerberos pre-auth failure: Ticket and authenticator don't match,Kerberos Authentication Service,failure,,Authentication,
4771,0x25,Kerberos pre-auth failure: Clock skew too great. Workstation’s clock too far out of sync with the DC’s,Kerberos Authentication Service,failure,,Authentication,
4771,0x26,Kerberos pre-auth failure: Incorrect net address. IP address change?,Kerberos Authentication Service,failure,,Authentication,
4771,0x27,Kerberos pre-auth failure: Protocol version mismatch,Kerberos Authentication Service,failure,,Authentication,
4771,0x28,Kerberos pre-auth failure: Invalid msg type,Kerberos Authentication Service,failure,,Authentication,
4771,0x29,Kerberos pre-auth failure: Message stream modified,Kerberos Authentication Service,failure,,Authentication,
4771,0x2A,Kerberos pre-auth failure: Message out of order,Kerberos Authentication Service,failure,,Authentication,
4771,0x2C,Kerberos pre-auth failure: Specified version of key is not available,Kerberos Authentication Service,failure,,Authentication,
4771,0x2D,Kerberos pre-auth failure: Service key not available,Kerberos Authentication Service,failure,,Authentication,
4771,0x2E,Kerberos pre-auth failure: Mutual authentication failed. May be a memory allocation failure,Kerberos Authentication Service,failure,,Authentication,
4771,0x2F,Kerberos pre-auth failure: Incorrect message direction,Kerberos Authentication Service,failure,,Authentication,
4771,0x30,Kerberos pre-auth failure: Alternative authentication method required,Kerberos Authentication Service,failure,,Authentication,
4771,0x31,Kerberos pre-auth failure: Incorrect sequence number in message,Kerberos Authentication Service,failure,,Authentication,
4771,0x32,Kerberos pre-auth failure: Inappropriate type of checksum in message,Kerberos Authentication Service,failure,,Authentication,
4771,0x3C,Kerberos pre-auth failure: Generic error (description in e-text),Kerberos Authentication Service,failure,,Authentication,
4771,0x3D,Kerberos pre-auth failure: Field is too long for this implementation,Kerberos Authentication Service,failure,,Authentication,
4772,-,A Kerberos authentication ticket request failed,Kerberos Authentication Service,failure,,Authentication,
4773,-,A Kerberos service ticket request failed,Kerberos Service Ticket Operations,failure,,Authentication,
4774,-,An account was mapped for logon,Other Account Logon Events,,,,
4775,-,An account could not be mapped for logon,Other Account Logon Events,,,,
4776,0xC0000064,Logon Failure: The specified account does not exist.,Credential Validation,failure,,Authentication,
4776,0xC000006A,Logon Failure: User name is correct but the password is wrong,Credential Validation,failure,,Authentication,
4776,0xC0000234,Logon Failure: The referenced account is currently locked out.,Credential Validation,failure,,Authentication,
4776,0xC0000072,Logon Failure: The referenced account is currently disabled and may not be logged on to.,Credential Validation,failure,,Authentication,
4776,0xC000006F,Logon Failure: User tried to logon outside his day of week or time of day restrictions,Credential Validation,failure,,Authentication,
4776,0xC0000070,Logon Failure: The machine you are logging onto is protected by an authentication firewall. The specified account is not allowed to authenticate to the machine.,Credential Validation,failure,,Authentication,
4776,0xC0000193,Logon Failure: The user account has expired.,Credential Validation,failure,,Authentication,
4776,0xC0000071,Logon Failure: The user account password has expired.,Credential Validation,failure,,Authentication,
4776,0xC0000224,Logon Failure: The user password must be changed before logging on the first time.,Credential Validation,failure,,Authentication,
4776,0xC0000225,Logon Failure: evidently a bug in Windows and not a risk,Credential Validation,failure,,Authentication,
4776,0x0,An account was successfully logged on,Credential Validation,success,,Authentication,
4777,-,The domain controller failed to validate the credentials for an account,Other Account Logon Events,failure,,Authentication,
4778,-,A session was reconnected to a Window Station,,,,,
4779,-,A session was disconnected from a Window Station,,,,,
4780,-,The ACL was set on accounts which are members of administrators groups,User Account Management,acl_modified,,Accounting,group
4781,-,The name of an account was changed,User Account Management,modified,,Accounting,user
4782,-,The password hash an account was accessed,Other Account Logon Events,read,,,
4783,-,A basic application group was created,Application Group Management,created,,Authorization,group:app
4784,-,A basic application group was changed,Application Group Management,modified,,Authorization,group:app
4785,-,A member was added to a basic application group,Application Group Management,added,,Authorization,group:app
4786,-,A member was removed from a basic application group,Application Group Management,modified,,Authorization,group:app
4787,-,A non-member was added to a basic application group,Application Group Management,added,,Authorization,group:app
4788,-,A non-member was removed from a basic application group..,Application Group Management,modified,,Authorization,group:app
4789,-,A basic application group was deleted,Application Group Management,deleted,,Authorization,group:app
4790,-,An LDAP query group was created,Application Group Management,created,,Authorization,group:app
4791,-,A basic application group was changed,Application Group Management,modified,,Authorization,group:app
4792,-,An LDAP query group was deleted,Application Group Management,deleted,,Authorization,group:app
4793,-,The Password Policy Checking API was called,Other Account Management,read,,,
4794,-,An attempt was made to set the Directory Services Restore Mode administrator password,User Account Management,updated,,Authentication,user
4800,-,The workstation was locked,,,,,
4801,-,The workstation was unlocked,,,,,
4802,-,The screen saver was invoked,,,,,
4803,-,The screen saver was dismissed,,,,,
4816,-,RPC detected an integrity violation while decrypting an incoming message,RPC Event,,,,
4817,-,Auditing settings on object were changed.,,,,,
4864,-,A namespace collision was detected,,,,,
4865,-,A trusted forest information entry was added,Authentication Policy Change,created,,Authentication,policy
4866,-,A trusted forest information entry was removed,Authentication Policy Change,deleted,,Authentication,policy
4867,-,A trusted forest information entry was modified,Authentication Policy Change,updated,,Authentication,policy
4868,-,The certificate manager denied a pending certificate request,Certification Service,,,,
4869,-,Certificate Services received a resubmitted certificate request,Certification Service,,,,
4870,-,Certificate Services revoked a certificate,Certification Service,,,,
4871,-,Certificate Services received a request to publish the certificate revocation list (CRL),Certification Service,,,,
4872,-,Certificate Services published the certificate revocation list (CRL),Certification Service,,,,
4873,-,A certificate request extension changed,Certification Service,,,,
4874,-,One or more certificate request attributes changed.,Certification Service,,,,
4875,-,Certificate Services received a request to shut down,Certification Service,,,,
4876,-,Certificate Services backup started,Certification Service,,,,
4877,-,Certificate Services backup completed,Certification Service,,,,
4878,-,Certificate Services restore started,Certification Service,,,,
4879,-,Certificate Services restore completed,Certification Service,,,,
4880,-,Certificate Services started,Certification Service,,,,
4881,-,Certificate Services stopped,Certification Service,,,,
4882,-,The security permissions for Certificate Services changed,Certification Service,,,,
4883,-,Certificate Services retrieved an archived key,Certification Service,,,,
4884,-,Certificate Services imported a certificate into its database,Certification Service,,,,
4885,-,The audit filter for Certificate Services changed,Certification Service,,,,
4886,-,Certificate Services received a certificate request,Certification Service,,,,
4887,-,Certificate Services approved a certificate request and issued a certificate,Certification Service,,,,
4888,-,Certificate Services denied a certificate request,Certification Service,,,,
4889,-,Certificate Services set the status of a certificate request to pending,Certification Service,,,,
4890,-,The certificate manager settings for Certificate Services changed.,Certification Service,,,,
4891,-,A configuration entry changed in Certificate Services,Certification Service,,,,
4892,-,A property of Certificate Services changed,Certification Service,,,,
4893,-,Certificate Services archived a key,Certification Service,,,,
4894,-,Certificate Services imported and archived a key,Certification Service,,,,
4895,-,Certificate Services published the CA certificate to Active Directory Domain Services,Certification Service,,,,
4896,-,One or more rows have been deleted from the certificate database,Certification Service,,,,
4897,-,Role separation enabled,Certification Service,,,,
4898,-,Certificate Services loaded a template,Certification Service,,,,
4899,-,A Certificate Services template was updated,Certification Service,,,,
4900,-,Certificate Services template security was updated,Certification Service,,,,
4902,-,The Per-user audit policy table was created,Audit Policy Change,,,,
4904,-,An attempt was made to register a security event source,Audit Policy Change,,,,
4905,-,An attempt was made to unregister a security event source,Audit Policy Change,,,,
4906,-,The CrashOnAuditFail value has changed,Audit Policy Change,,,,
4907,-,Auditing settings on object were changed,Audit Policy Change,,,,
4908,-,Special Groups Logon table modified,,,,,
4909,-,The local policy settings for the TBS were changed,,,,,
4910,-,The group policy settings for the TBS were changed,,,,,
4912,-,Per User Audit Policy was changed,Audit Policy Change,,,,
4928,-,An Active Directory replica source naming context was established,Directory Service Replication,,,,
4929,-,An Active Directory replica source naming context was removed,Directory Service Replication,,,,
4930,-,An Active Directory replica source naming context was modified,Directory Service Replication,,,,
4931,-,An Active Directory replica destination naming context was modified,Directory Service Replication,,,,
4932,-,Synchronization of a replica of an Active Directory naming context has begun,Directory Service Replication,,,,
4933,-,Synchronization of a replica of an Active Directory naming context has ended,Directory Service Replication,,,,
4934,-,Attributes of an Active Directory object were replicated,Directory Service Replication,,,,
4935,-,Replication failure begins,Directory Service Replication,,,,
4936,-,Replication failure ends,Directory Service Replication,,,,
4937,-,A lingering object was removed from a replica,Directory Service Replication,,,,
4944,-,The following policy was active when the Windows Firewall started,Windows Firewall Policy Change,,,,
4945,-,A rule was listed when the Windows Firewall started,Windows Firewall Policy Change,,,,
4946,-,A change has been made to Windows Firewall exception list. A rule was added,Windows Firewall Policy Change,,,,
4947,-,A change has been made to Windows Firewall exception list. A rule was modified,Windows Firewall Policy Change,,,,
4948,-,A change has been made to Windows Firewall exception list. A rule was deleted,Windows Firewall Policy Change,,,,
4949,-,Windows Firewall settings were restored to the default values,Windows Firewall Policy Change,,,,
4950,-,A Windows Firewall setting has changed,Windows Firewall Policy Change,,,,
4951,-,A rule has been ignored because its major version number was not recognized by Windows Firewall,Windows Firewall Policy Change,,,,
4952,-,Parts of a rule have been ignored because its minor version number was not recognized by Windows Firewall,Windows Firewall Policy Change,,,,
4953,-,A rule has been ignored by Windows Firewall because it could not parse the rule,,,,,
4954,-,Windows Firewall Group Policy settings has changed. The new settings have been applied,Windows Firewall Policy Change,,,,
4956,-,Windows Firewall has changed the active profile,Windows Firewall Policy Change,,,,
4957,-,Windows Firewall did not apply the following rule,Windows Firewall Policy Change,,,,
4958,-,Windows Firewall did not apply the following rule because the rule referred to items not configured on this computer,Windows Firewall Policy Change,,,,
4960,-,IPsec dropped an inbound packet that failed an integrity check,,,,,
4961,-,IPsec dropped an inbound packet that failed a replay check,,,,,
4962,-,IPsec dropped an inbound packet that failed a replay check,,,,,
4963,-,IPsec dropped an inbound clear text packet that should have been secured,,,,,
4964,-,Special groups have been assigned to a new logon,,,,,
4965,-,IPsec received a packet from a remote computer with an incorrect Security Parameter Index (SPI).,,,,,
4976,-,During Main Mode negotiation," IPsec received an invalid negotiation packet.""""",,,,
4977,-,During Quick Mode negotiation," IPsec received an invalid negotiation packet.""""",,,,
4978,-,During Extended Mode negotiation," IPsec received an invalid negotiation packet.""""",,,,
4979,-,IPsec Main Mode and Extended Mode security associations were established.,,,,,
4980,-,IPsec Main Mode and Extended Mode security associations were established,,,,,
4981,-,IPsec Main Mode and Extended Mode security associations were established,,,,,
4982,-,IPsec Main Mode and Extended Mode security associations were established,,,,,
4983,-,An IPsec Extended Mode negotiation failed,,,,,
4984,-,An IPsec Extended Mode negotiation failed,,,,,
4985,-,The state of a transaction has changed,File System Event,,,,
5024,-,The Windows Firewall Service has started successfully,System Event,,,,
5025,-,The Windows Firewall Service has been stopped,System Event,stopped,,,
5027,-,The Windows Firewall Service was unable to retrieve the security policy from the local storage,System Event,,,,
5028,-,The Windows Firewall Service was unable to parse the new security policy.,System Event,,,,
5029,-,The Windows Firewall Service failed to initialize the driver,System Event,,,,
5030,-,The Windows Firewall Service failed to start,System Event,,,,
5031,-,The Windows Firewall Service blocked an application from accepting incoming connections on the network.,Windows Firewall,blocked,,,
5032,-,Windows Firewall was unable to notify the user that it blocked an application from accepting incoming connections on the network,System Event,,,,
5033,-,The Windows Firewall Driver has started successfully,System Event,started,,,
5034,-,The Windows Firewall Driver has been stopped,System Event,stopped,,,
5035,-,The Windows Firewall Driver failed to start,System Event,,,,
5037,-,The Windows Firewall Driver detected critical runtime error. Terminating,System Event,,,,
5038,-,Code integrity determined that the image hash of a file is not valid,Security Integrity,,,,
5039,-,A registry key was virtualized.,,,,,
5040,-,A change has been made to IPsec settings. An Authentication Set was added.,,,,,
5041,-,A change has been made to IPsec settings. An Authentication Set was modified,,,,,
5042,-,A change has been made to IPsec settings. An Authentication Set was deleted,,,,,
5043,-,A change has been made to IPsec settings. A Connection Security Rule was added,,,,,
5044,-,A change has been made to IPsec settings. A Connection Security Rule was modified,,,,,
5045,-,A change has been made to IPsec settings. A Connection Security Rule was deleted,,,,,
5046,-,A change has been made to IPsec settings. A Crypto Set was added,,added,,,
5047,-,A change has been made to IPsec settings. A Crypto Set was modified,,modified,,,
5048,-,A change has been made to IPsec settings. A Crypto Set was deleted,,deleted,,,
5049,-,An IPsec Security Association was deleted,,deleted,,,
5050,-,An attempt to programmatically disable the Windows Firewall using a call to INetFwProfile.FirewallEnabled(FALSE,,,,,
5051,-,A file was virtualized,,,,,
5056,-,A cryptographic self test was performed,Security Integrity,,,,
5057,-,A cryptographic primitive operation failed,,,,,
5058,-,Key file operation,System Event,,,,
5059,-,Key migration operation,System Event,,,,
5060,-,Verification operation failed,,,,,
5061,-,Cryptographic operation,Security Integrity,,,,
5062,-,A kernel-mode cryptographic self test was performed,,,,,
5063,-,A cryptographic provider operation was attempted,,,,,
5064,-,A cryptographic context operation was attempted,,,,,
5065,-,A cryptographic context modification was attempted,,,,,
5066,-,A cryptographic function operation was attempted,,,,,
5067,-,A cryptographic function modification was attempted,,,,,
5068,-,A cryptographic function provider operation was attempted,,,,,
5069,-,A cryptographic function property operation was attempted,,,,,
5070,-,A cryptographic function property operation was attempted,,,,,
5120,-,OCSP Responder Service Started,,,,,
5121,-,OCSP Responder Service Stopped,,,,,
5122,-,A Configuration entry changed in the OCSP Responder Service,,,,,
5123,-,A configuration entry changed in the OCSP Responder Service,,,,,
5124,-,A security setting was updated on OCSP Responder Service,,,,,
5125,-,A request was submitted to OCSP Responder Service,,,,,
5126,-,Signing Certificate was automatically updated by the OCSP Responder Service,,,,,
5127,-,The OCSP Revocation Provider successfully updated the revocation information,,,,,
5136,-,A directory service object was modified,Directory Service Changes,modified,,AD Object,
5137,-,A directory service object was created,Directory Service Changes,created,,AD Object,
5138,-,A directory service object was undeleted,Directory Service Changes,modified,,AD Object,
5139,-,A directory service object was moved,Directory Service Changes,updated,,AD Object,
5140,0x1,A network share object was accessed,File Share,read,,,
5141,-,A directory service object was deleted,Directory Service Changes,deleted,,AD Object,
5142,-,A network share object was added.,,added,,,
5143,-,A network share object was modified,,modified,,,
5144,-,A network share object was deleted.,,deleted,,,
5145,0x1,A network share object was checked to see whether client can be granted desired access.,Network Share Event,read,,filesystem,
5145,0x2,A network share object was checked to see whether client can be granted desired access.,Network Share Event,created,,filesystem,
5145,0x4,A network share object was checked to see whether client can be granted desired access.,Network Share Event,modified,,filesystem,
5145,0x8,A network share object was checked to see whether client can be granted desired access.,Network Share Event,read,,filesystem,
5145,0x10,A network share object was checked to see whether client can be granted desired access.,Network Share Event,created,,filesystem,
5145,0x20,A network share object was checked to see whether client can be granted desired access.,Network Share Event,execute,,filesystem,
5145,0x40,A network share object was checked to see whether client can be granted desired access.,Network Share Event,deleted,,filesystem,
5145,0x80,A network share object was checked to see whether client can be granted desired access.,Network Share Event,read,,filesystem,
5145,0x100,A network share object was checked to see whether client can be granted desired access.,Network Share Event,acl_modified,,filesystem,
5145,0x10000,A network share object was checked to see whether client can be granted desired access.,Network Share Event,deleted,,filesystem,
5145,0x20000,A network share object was checked to see whether client can be granted desired access.,Network Share Event,read,,filesystem,
5145,0x40000,A network share object was checked to see whether client can be granted desired access.,Network Share Event,acl_modified,,filesystem,
5145,0x80000,A network share object was checked to see whether client can be granted desired access.,Network Share Event,acl_modified,,filesystem,
5145,0x100000,A network share object was checked to see whether client can be granted desired access.,Network Share Event,read,,filesystem,
5145,0x1000000,A network share object was checked to see whether client can be granted desired access.,Network Share Event,acl_modified,,filesystem,
5148,-,The Windows Filtering Platform has detected a DoS attack and entered a defensive mode packets associated with this attack will be discarded.,,,,,
5149,-,The DoS attack has subsided and normal processing is being resumed.,,,,,
5150,-,The Windows Filtering Platform has blocked a packet.,,,,,
5151,-,A more restrictive Windows Filtering Platform filter has blocked a packet.,,,,,
5152,-,The Windows Filtering Platform blocked a packet,Windows Firewall,blocked,,,
5153,-,A more restrictive Windows Filtering Platform filter has blocked a packet,Windows Firewall,blocked,,,
5154,-,The Windows Filtering Platform has permitted an application or service to listen on a port for incoming connections,Windows Firewall,allowed,,,
5155,-,The Windows Filtering Platform has blocked an application or service from listening on a port for incoming connections,Windows Firewall,blocked,,,
5156,-,The Windows Filtering Platform has allowed a connection,Windows Firewall,allowed,,,
5157,-,The Windows Filtering Platform has blocked a connection,Windows Firewall,blocked,,,
5158,-,The Windows Filtering Platform has permitted a bind to a local port,Windows Firewall,allowed,,,
5159,-,The Windows Filtering Platform has blocked a bind to a local port,Windows Firewall,blocked,,,
5168,-,Spn check for SMB/SMB2 fails.,,,,,
5376,-,Credential Manager credentials were backed up,User Account Management,,,,
5377,-,Credential Manager credentials were restored from a backup,User Account Management,,,,
5378,-,The requested credentials delegation was disallowed by policy,,,,,
5440,-,The following callout was present when the Windows Filtering Platform Base Filtering Engine started,Filtering Platform Policy Change,,,,
5441,-,The following filter was present when the Windows Filtering Platform Base Filtering Engine started,Filtering Platform Policy Change,,,,
5442,-,The following provider was present when the Windows Filtering Platform Base Filtering Engine started,Filtering Platform Policy Change,,,,
5443,-,The following provider context was present when the Windows Filtering Platform Base Filtering Engine started,Filtering Platform Policy Change,,,,
5444,-,The following sub-layer was present when the Windows Filtering Platform Base Filtering Engine started,Filtering Platform Policy Change,,,,
5446,-,A Windows Filtering Platform callout has been changed,Filtering Platform Policy Change,,,,
5447,-,A Windows Filtering Platform filter has been changed,Filtering Platform Policy Change,,,,
5448,-,A Windows Filtering Platform provider has been changed,Filtering Platform Policy Change,,,,
5449,-,A Windows Filtering Platform provider context has been changed,Filtering Platform Policy Change,,,,
5450,-,A Windows Filtering Platform sub-layer has been changed,Filtering Platform Policy Change,,,,
5451,-,An IPsec Quick Mode security association was established,,,,,
5452,-,An IPsec Quick Mode security association ended,,,,,
5453,-,An IPsec negotiation with a remote computer failed because the IKE and AuthIP IPsec Keying Modules (IKEEXT) service is not started,,,,,
5456,-,PAStore Engine applied Active Directory storage IPsec policy on the computer,,,,,
5457,-,PAStore Engine failed to apply Active Directory storage IPsec policy on the computer,,,,,
5458,-,PAStore Engine applied locally cached copy of Active Directory storage IPsec policy on the computer,,,,,
5459,-,PAStore Engine failed to apply locally cached copy of Active Directory storage IPsec policy on the computer,,,,,
5460,-,PAStore Engine applied local registry storage IPsec policy on the computer,,,,,
5461,-,PAStore Engine failed to apply local registry storage IPsec policy on the computer,,,,,
5462,-,PAStore Engine failed to apply some rules of the active IPsec policy on the computer,,,,,
5463,-,PAStore Engine polled for changes to the active IPsec policy and detected no changes,,,,,
5464,-,"PAStore Engine polled for changes to the active IPsec policy, detected changes, and applied them to IPsec Services",,,,,
5465,-,PAStore Engine received a control for forced reloading of IPsec policy and processed the control successfully,,,,,
5466,-,"PAStore Engine polled for changes to the Active Directory IPsec policy, determined that Active Directory cannot be reached, and will use the cached copy of the Active Directory IPsec policy instead",,,,,
5467,-,"PAStore Engine polled for changes to the Active Directory IPsec policy, determined that Active Directory can be reached, and found no changes to the policy",,,,,
5468,-,"PAStore Engine polled for changes to the Active Directory IPsec policy, determined that Active Directory can be reached, found changes to the policy, and applied those changes",,,,,
5471,-,PAStore Engine loaded local storage IPsec policy on the computer,,,,,
5472,-,PAStore Engine failed to load local storage IPsec policy on the computer,,,,,
5473,-,PAStore Engine loaded directory storage IPsec policy on the computer,,,,,
5474,-,PAStore Engine failed to load directory storage IPsec policy on the computer,,,,,
5477,-,PAStore Engine failed to add quick mode filter,,,,,
5478,-,IPsec Services has started successfully,IPsec Driver Event,,,,
5479,-,IPsec Services has been shut down successfully,IPsec Driver Event,,,,
5480,-,IPsec Services failed to get the complete list of network interfaces on the computer,IPsec Driver Event,,,,
5483,-,IPsec Services failed to initialize RPC server. IPsec Services could not be started,IPsec Driver Event,,,,
5484,-,IPsec Services has experienced a critical failure and has been shut down,IPsec Driver Event,,,,
5485,-,IPsec Services failed to process some IPsec filters on a plug-and-play event for network interfaces,IPsec Driver Event,,,,
5632,-,A request was made to authenticate to a wireless network,,,,,
5633,-,A request was made to authenticate to a wired network,,,,,
5712,-,A Remote Procedure Call (RPC) was attempted,RPC Event,,,,
5888,-,An object in the COM+ Catalog was modified,,,,,
5889,-,An object was deleted from the COM+ Catalog,,,,,
5890,-,An object was added to the COM+ Catalog,,,,,
6144,-,Security policy in the group policy objects has been applied successfully,,,,,
6145,-,One or more errors occured while processing security policy in the group policy objects,,,,,
6272,-,Network Policy Server granted access to a user,,,,,
6273,-,Network Policy Server denied access to a user,,,,,
6274,-,Network Policy Server discarded the request for a user,,,,,
6275,-,Network Policy Server discarded the accounting request for a user,,,,,
6276,-,Network Policy Server quarantined a user,,,,,
6277,-,Network Policy Server granted access to a user but put it on probation because the host did not meet the defined health policy,,,,,
6278,-,Network Policy Server granted full access to a user because the host met the defined health policy,,,,,
6279,-,Network Policy Server locked the user account due to repeated failed authentication attempts,,,,,
6280,-,Network Policy Server unlocked the user account,,,,,
6281,-,Code Integrity determined that the page hashes of an image file are not valid...,,,,,
6400,-,BranchCache: Received an incorrectly formatted response while discovering availability of content.,,,,,
6401,-,BranchCache: Received invalid data from a peer. Data discarded.,,,,,
6402,-,BranchCache: The message to the hosted cache offering it data is incorrectly formatted.,,,,,
6403,-,BranchCache: The hosted cache sent an incorrectly formatted response to the client's message to offer it data.,,,,,
6404,-,BranchCache: Hosted cache could not be authenticated using the provisioned SSL certificate.,,,,,
6405,-,BranchCache: %2 instance(s) of event id %1 occurred.,,,,,
6406,-,%1 registered to Windows Firewall to control filtering for the following:,,,,,
6407,-,1%,,,,,
6408,-,Registered product %1 failed and Windows Firewall is now controlling the filtering for %2.,,,,,
